ID,glc__D_e,xyl__D_e,succ_e,ala__L_e,arg__L_e,asn__L_e,asp__L_e,cys__L_e,glu__L_e,gln__L_e,gly_e,his__L_e,ile__L_e,leu__L_e,lys__L_e,met__L_e,phe__L_e,pro__L_e,ser__L_e,thr__L_e,trp__L_e,tyr__L_e,val__L_e,ade_e,gua_e,csn_e,ura_e,thymd_e
1,44.40497336,0,0,0,0,0,0,0,0,0,0,0,0,0,0,0,0,0,0,0,0,0,0,0,0,0.2,0.2,0.2
2,44.40497336,0,0,0.8,0,0.4,0.4,0.1,0,0,0.8,0.2,0,0,0,0.2,0.4,0,10,0.4,0.1,0.2,0,0,0,0,0,0
3,44.40497336,0,0,0,0,0,0,0.1,0.55,0.615,0.8,0.2,0,0,0,0.2,0.4,0,10,0.4,0.1,0.2,0,0,0,0,0,0
4,44.40497336,0,0,0,5.2,0,0,0,0.55,0.615,0.8,0.2,0.4,0.8,0.5,0,0.4,0.4,10,0.4,0.1,0.2,0.6,0,0,0,0,0
5,0,53.28715114,0,0.8,5.2,0.4,0.4,0.1,0.55,0.615,0.8,0.2,0.4,0.8,0.5,0.2,0,0.4,10,0.4,0,0,0.6,0,0,0,0,0
6,0,53.28715114,0,0,0,0,0,0.1,0.55,0.615,0.8,0.2,0,0,0,0.2,0.4,0,10,0.4,0.1,0.2,0,0,0,0,0,0
7,0,53.28715114,0,0,0,0,0,0.1,0,0,0,0.2,0,0,0.5,0.2,0.4,0,0,0,0.1,0.2,0,0,0,0,0,0
8,0,53.28715114,0,0,5.2,0,0,0.1,0.55,0.615,0,0.2,0.4,0.8,0.5,0.2,0.4,0.4,0,0,0.1,0.2,0.6,0,0,0,0,0
9,0,53.28715114,0,0,0,0,0,0,0,0,0,0.2,0,0,0.5,0,0.4,0,0,0,0.1,0.2,0,0.2,0.2,0.2,0.2,0.2
10,0,53.28715114,0,0.8,0,0.4,0.4,0.1,0.55,0.615,0,0.2,0,0,0.5,0.2,0.4,0,0,0,0.1,0.2,0,0,0,0,0,0
11,0,0,49.36747917,0,5.2,0,0,0.1,0,0,0,0.2,0,0,0.5,0.2,0,0.4,0,0,0,0,0,0,0,0,0,0
12,0,0,49.36747917,0.8,0,0.4,0.4,0.1,0.55,0.615,0.8,0.2,0.4,0.8,0.5,0.2,0.4,0,10,0.4,0.1,0.2,0.6,0,0,0,0,0
13,0,0,49.36747917,0,5.2,0,0,0,0.55,0.615,0.8,0,0,0,0,0,0,0.4,10,0.4,0,0,0,0,0,0,0,0
14,0,0,49.36747917,0,0,0,0,0,0.55,0.615,0.8,0,0,0,0,0,0,0,10,0.4,0,0,0,0.2,0.2,0.2,0.2,0.2
15,0,0,0,0.8,5.2,0.4,0.4,0.1,0.55,0.615,0.8,0,0.4,0.8,0.5,0.2,0,0.4,10,0.4,0,0,0.6,0,0,0,0,0
16,0,0,0,0.8,5.2,0.4,0.4,0.1,0.55,0.615,0.8,0.2,0.4,0.8,0.5,0.2,0.4,0.4,10,0.4,0.1,0.2,0.6,0,0,0,0,0
17,0,0,0,0.8,5.2,0.4,0.4,0.1,0.55,0.615,0.8,0,0.4,0.8,0.5,0.2,0,0.4,10,0.4,0,0,0.6,0.2,0.2,0,0,0
18,0,0,0,0.8,5.2,0.4,0.4,0,0.55,0.615,0.8,0,0.4,0.8,0.5,0,0,0.4,10,0.4,0,0,0.6,0,0,0.2,0.2,0.2
19,0,0,0,0.8,5.2,0.4,0.4,0.1,0.55,0.615,0.8,0.2,0.4,0.8,0.5,0.2,0.4,0.4,10,0.4,0.1,0.2,0.6,0,0,0.2,0.2,0.2
20,0,0,0,0.8,5.2,0.4,0.4,0,0.55,0.615,0.8,0,0.4,0.8,0.5,0,0,0.4,10,0.4,0,0,0.6,0.2,0.2,0.2,0.2,0.2