ID,glc__D_e,ac_e
1,12.65973333,0.958577778